{
	"display": {
		"icon": {
			"id": "tuff_stairs"
		},
		"title": {
			"text": "Tuff Stairs",
			"color": "#FFFFFF"
		},
		"description": {
			"text": "",
			"color": "#FFFFFF"
		},
		"frame": "task",
		"show_toast": false,
		"announce_to_chat": false,
		"hidden": false
	},
	"criteria": {
		"requirement": {
			"trigger": "minecraft:inventory_changed",
			"conditions": {
				"items": [
					{
						"items": [
							"tuff_stairs"
						]
					}
				]
			}
		}
	},
	"parent": "aic:building/tuff",
	"rewards": {
		"function": "aic:advancements/item/tuff_stairs"
	}
}
