{
	"display": {
		"icon": {
			"id": "cobblestone_slab"
		},
		"title": {
			"text": "Cobblestone Slab",
			"color": "#FFFFFF"
		},
		"description": {
			"text": "",
			"color": "#FFFFFF"
		},
		"frame": "task",
		"show_toast": false,
		"announce_to_chat": false,
		"hidden": false
	},
	"criteria": {
		"requirement": {
			"trigger": "minecraft:inventory_changed",
			"conditions": {
				"items": [
					{
						"items": [
							"cobblestone_slab"
						]
					}
				]
			}
		}
	},
	"parent": "aic:building/cobblestone_stairs",
	"rewards": {
		"function": "aic:advancements/item/cobblestone_slab"
	}
}
