{
	"display": {
		"icon": {
			"id": "black_carpet"
		},
		"title": {
			"text": "Black Carpet",
			"color": "#FFFFFF"
		},
		"description": {
			"text": "",
			"color": "#FFFFFF"
		},
		"frame": "task",
		"show_toast": false,
		"announce_to_chat": false,
		"hidden": false
	},
	"criteria": {
		"requirement": {
			"trigger": "minecraft:inventory_changed",
			"conditions": {
				"items": [
					{
						"items": [
							"black_carpet"
						]
					}
				]
			}
		}
	},
	"parent": "aic:colored_blocks/gray_carpet",
	"rewards": {
		"function": "aic:advancements/item/black_carpet"
	}
}
