{
	"display": {
		"icon": {
			"id": "crafter"
		},
		"title": {
			"text": "Fonctionnels et Redstone",
			"color": "#3FE7FF",
			"bold": true
		},
		"description": {
			"text": "",
			"color": "green"
		},
		"background": "minecraft:textures/block/furnace_top.png",
		"frame": "challenge",
		"show_toast": false,
		"announce_to_chat": false,
		"hidden": false
	},
	"criteria": {
		"crafting_table": {
			"trigger": "minecraft:location",
			"conditions": {
				"player":  {
					"type_specific": {
						"type": "player",
						"advancements": {
							"aic:redstone/crafting_table": true
						}
					}
				}
			}
		},
		"cartography_table": {
			"trigger": "minecraft:location",
			"conditions": {
				"player":  {
					"type_specific": {
						"type": "player",
						"advancements": {
							"aic:redstone/cartography_table": true
						}
					}
				}
			}
		},
		"fletching_table": {
			"trigger": "minecraft:location",
			"conditions": {
				"player":  {
					"type_specific": {
						"type": "player",
						"advancements": {
							"aic:redstone/fletching_table": true
						}
					}
				}
			}
		},
		"smithing_table": {
			"trigger": "minecraft:location",
			"conditions": {
				"player":  {
					"type_specific": {
						"type": "player",
						"advancements": {
							"aic:redstone/smithing_table": true
						}
					}
				}
			}
		},
		"loom": {
			"trigger": "minecraft:location",
			"conditions": {
				"player":  {
					"type_specific": {
						"type": "player",
						"advancements": {
							"aic:redstone/loom": true
						}
					}
				}
			}
		},
		"furnace": {
			"trigger": "minecraft:location",
			"conditions": {
				"player":  {
					"type_specific": {
						"type": "player",
						"advancements": {
							"aic:redstone/furnace": true
						}
					}
				}
			}
		},
		"blast_furnace": {
			"trigger": "minecraft:location",
			"conditions": {
				"player":  {
					"type_specific": {
						"type": "player",
						"advancements": {
							"aic:redstone/blast_furnace": true
						}
					}
				}
			}
		},
		"smoker": {
			"trigger": "minecraft:location",
			"conditions": {
				"player":  {
					"type_specific": {
						"type": "player",
						"advancements": {
							"aic:redstone/smoker": true
						}
					}
				}
			}
		},
		"bookshelf": {
			"trigger": "minecraft:location",
			"conditions": {
				"player":  {
					"type_specific": {
						"type": "player",
						"advancements": {
							"aic:redstone/bookshelf": true
						}
					}
				}
			}
		},
		"enchanting_table": {
			"trigger": "minecraft:location",
			"conditions": {
				"player":  {
					"type_specific": {
						"type": "player",
						"advancements": {
							"aic:redstone/enchanting_table": true
						}
					}
				}
			}
		},
		"anvil": {
			"trigger": "minecraft:location",
			"conditions": {
				"player":  {
					"type_specific": {
						"type": "player",
						"advancements": {
							"aic:redstone/anvil": true
						}
					}
				}
			}
		},
		"chipped_anvil": {
			"trigger": "minecraft:location",
			"conditions": {
				"player":  {
					"type_specific": {
						"type": "player",
						"advancements": {
							"aic:redstone/chipped_anvil": true
						}
					}
				}
			}
		},
		"damaged_anvil": {
			"trigger": "minecraft:location",
			"conditions": {
				"player":  {
					"type_specific": {
						"type": "player",
						"advancements": {
							"aic:redstone/damaged_anvil": true
						}
					}
				}
			}
		},
		"brewing_stand": {
			"trigger": "minecraft:location",
			"conditions": {
				"player":  {
					"type_specific": {
						"type": "player",
						"advancements": {
							"aic:redstone/brewing_stand": true
						}
					}
				}
			}
		},
		"cauldron": {
			"trigger": "minecraft:location",
			"conditions": {
				"player":  {
					"type_specific": {
						"type": "player",
						"advancements": {
							"aic:redstone/cauldron": true
						}
					}
				}
			}
		},
		"lectern": {
			"trigger": "minecraft:location",
			"conditions": {
				"player":  {
					"type_specific": {
						"type": "player",
						"advancements": {
							"aic:redstone/lectern": true
						}
					}
				}
			}
		},
		"chiseled_bookshelf": {
			"trigger": "minecraft:location",
			"conditions": {
				"player":  {
					"type_specific": {
						"type": "player",
						"advancements": {
							"aic:redstone/chiseled_bookshelf": true
						}
					}
				}
			}
		},
		"barrel": {
			"trigger": "minecraft:location",
			"conditions": {
				"player":  {
					"type_specific": {
						"type": "player",
						"advancements": {
							"aic:redstone/barrel": true
						}
					}
				}
			}
		},
		"composter": {
			"trigger": "minecraft:location",
			"conditions": {
				"player":  {
					"type_specific": {
						"type": "player",
						"advancements": {
							"aic:redstone/composter": true
						}
					}
				}
			}
		},
		"grindstone": {
			"trigger": "minecraft:location",
			"conditions": {
				"player":  {
					"type_specific": {
						"type": "player",
						"advancements": {
							"aic:redstone/grindstone": true
						}
					}
				}
			}
		},
		"stonecutter": {
			"trigger": "minecraft:location",
			"conditions": {
				"player":  {
					"type_specific": {
						"type": "player",
						"advancements": {
							"aic:redstone/stonecutter": true
						}
					}
				}
			}
		},
		"bell": {
			"trigger": "minecraft:location",
			"conditions": {
				"player":  {
					"type_specific": {
						"type": "player",
						"advancements": {
							"aic:redstone/bell": true
						}
					}
				}
			}
		},
		"scaffolding": {
			"trigger": "minecraft:location",
			"conditions": {
				"player":  {
					"type_specific": {
						"type": "player",
						"advancements": {
							"aic:redstone/scaffolding": true
						}
					}
				}
			}
		},
		"redstone_torch": {
			"trigger": "minecraft:location",
			"conditions": {
				"player":  {
					"type_specific": {
						"type": "player",
						"advancements": {
							"aic:redstone/redstone_torch": true
						}
					}
				}
			}
		},
		"repeater": {
			"trigger": "minecraft:location",
			"conditions": {
				"player":  {
					"type_specific": {
						"type": "player",
						"advancements": {
							"aic:redstone/repeater": true
						}
					}
				}
			}
		},
		"comparator": {
			"trigger": "minecraft:location",
			"conditions": {
				"player":  {
					"type_specific": {
						"type": "player",
						"advancements": {
							"aic:redstone/comparator": true
						}
					}
				}
			}
		},
		"lever": {
			"trigger": "minecraft:location",
			"conditions": {
				"player":  {
					"type_specific": {
						"type": "player",
						"advancements": {
							"aic:redstone/lever": true
						}
					}
				}
			}
		},
		"tripwire_hook": {
			"trigger": "minecraft:location",
			"conditions": {
				"player":  {
					"type_specific": {
						"type": "player",
						"advancements": {
							"aic:redstone/tripwire_hook": true
						}
					}
				}
			}
		},
		"lightning_rod": {
			"trigger": "minecraft:location",
			"conditions": {
				"player":  {
					"type_specific": {
						"type": "player",
						"advancements": {
							"aic:redstone/lightning_rod": true
						}
					}
				}
			}
		},
		"daylight_detector": {
			"trigger": "minecraft:location",
			"conditions": {
				"player":  {
					"type_specific": {
						"type": "player",
						"advancements": {
							"aic:redstone/daylight_detector": true
						}
					}
				}
			}
		},
		"light_weighted_pressure_plate": {
			"trigger": "minecraft:location",
			"conditions": {
				"player":  {
					"type_specific": {
						"type": "player",
						"advancements": {
							"aic:redstone/light_weighted_pressure_plate": true
						}
					}
				}
			}
		},
		"heavy_weighted_pressure_plate": {
			"trigger": "minecraft:location",
			"conditions": {
				"player":  {
					"type_specific": {
						"type": "player",
						"advancements": {
							"aic:redstone/heavy_weighted_pressure_plate": true
						}
					}
				}
			}
		},
		"iron_door": {
			"trigger": "minecraft:location",
			"conditions": {
				"player":  {
					"type_specific": {
						"type": "player",
						"advancements": {
							"aic:redstone/iron_door": true
						}
					}
				}
			}
		},
		"iron_trapdoor": {
			"trigger": "minecraft:location",
			"conditions": {
				"player":  {
					"type_specific": {
						"type": "player",
						"advancements": {
							"aic:redstone/iron_trapdoor": true
						}
					}
				}
			}
		},
		"redstone_lamp": {
			"trigger": "minecraft:location",
			"conditions": {
				"player":  {
					"type_specific": {
						"type": "player",
						"advancements": {
							"aic:redstone/redstone_lamp": true
						}
					}
				}
			}
		},
		"target": {
			"trigger": "minecraft:location",
			"conditions": {
				"player":  {
					"type_specific": {
						"type": "player",
						"advancements": {
							"aic:redstone/target": true
						}
					}
				}
			}
		},
		"observer": {
			"trigger": "minecraft:location",
			"conditions": {
				"player":  {
					"type_specific": {
						"type": "player",
						"advancements": {
							"aic:redstone/observer": true
						}
					}
				}
			}
		},
		"piston": {
			"trigger": "minecraft:location",
			"conditions": {
				"player":  {
					"type_specific": {
						"type": "player",
						"advancements": {
							"aic:redstone/piston": true
						}
					}
				}
			}
		},
		"sticky_piston": {
			"trigger": "minecraft:location",
			"conditions": {
				"player":  {
					"type_specific": {
						"type": "player",
						"advancements": {
							"aic:redstone/sticky_piston": true
						}
					}
				}
			}
		},
		"note_block": {
			"trigger": "minecraft:location",
			"conditions": {
				"player":  {
					"type_specific": {
						"type": "player",
						"advancements": {
							"aic:redstone/note_block": true
						}
					}
				}
			}
		},
		"jukebox": {
			"trigger": "minecraft:location",
			"conditions": {
				"player":  {
					"type_specific": {
						"type": "player",
						"advancements": {
							"aic:redstone/jukebox": true
						}
					}
				}
			}
		},
		"dispenser": {
			"trigger": "minecraft:location",
			"conditions": {
				"player":  {
					"type_specific": {
						"type": "player",
						"advancements": {
							"aic:redstone/dispenser": true
						}
					}
				}
			}
		},
		"dropper": {
			"trigger": "minecraft:location",
			"conditions": {
				"player":  {
					"type_specific": {
						"type": "player",
						"advancements": {
							"aic:redstone/dropper": true
						}
					}
				}
			}
		},
		"crafter": {
			"trigger": "minecraft:location",
			"conditions": {
				"player":  {
					"type_specific": {
						"type": "player",
						"advancements": {
							"aic:redstone/crafter": true
						}
					}
				}
			}
		},
		"chest": {
			"trigger": "minecraft:location",
			"conditions": {
				"player":  {
					"type_specific": {
						"type": "player",
						"advancements": {
							"aic:redstone/chest": true
						}
					}
				}
			}
		},
		"trapped_chest": {
			"trigger": "minecraft:location",
			"conditions": {
				"player":  {
					"type_specific": {
						"type": "player",
						"advancements": {
							"aic:redstone/trapped_chest": true
						}
					}
				}
			}
		},
		"hopper": {
			"trigger": "minecraft:location",
			"conditions": {
				"player":  {
					"type_specific": {
						"type": "player",
						"advancements": {
							"aic:redstone/hopper": true
						}
					}
				}
			}
		},
		"tnt": {
			"trigger": "minecraft:location",
			"conditions": {
				"player":  {
					"type_specific": {
						"type": "player",
						"advancements": {
							"aic:redstone/tnt": true
						}
					}
				}
			}
		},
		"minecart": {
			"trigger": "minecraft:location",
			"conditions": {
				"player":  {
					"type_specific": {
						"type": "player",
						"advancements": {
							"aic:redstone/minecart": true
						}
					}
				}
			}
		},
		"chest_minecart": {
			"trigger": "minecraft:location",
			"conditions": {
				"player":  {
					"type_specific": {
						"type": "player",
						"advancements": {
							"aic:redstone/chest_minecart": true
						}
					}
				}
			}
		},
		"furnace_minecart": {
			"trigger": "minecraft:location",
			"conditions": {
				"player":  {
					"type_specific": {
						"type": "player",
						"advancements": {
							"aic:redstone/furnace_minecart": true
						}
					}
				}
			}
		},
		"hopper_minecart": {
			"trigger": "minecraft:location",
			"conditions": {
				"player":  {
					"type_specific": {
						"type": "player",
						"advancements": {
							"aic:redstone/hopper_minecart": true
						}
					}
				}
			}
		},
		"tnt_minecart": {
			"trigger": "minecraft:location",
			"conditions": {
				"player":  {
					"type_specific": {
						"type": "player",
						"advancements": {
							"aic:redstone/tnt_minecart": true
						}
					}
				}
			}
		},
		"rail": {
			"trigger": "minecraft:location",
			"conditions": {
				"player":  {
					"type_specific": {
						"type": "player",
						"advancements": {
							"aic:redstone/rail": true
						}
					}
				}
			}
		},
		"activator_rail": {
			"trigger": "minecraft:location",
			"conditions": {
				"player":  {
					"type_specific": {
						"type": "player",
						"advancements": {
							"aic:redstone/activator_rail": true
						}
					}
				}
			}
		},
		"detector_rail": {
			"trigger": "minecraft:location",
			"conditions": {
				"player":  {
					"type_specific": {
						"type": "player",
						"advancements": {
							"aic:redstone/detector_rail": true
						}
					}
				}
			}
		},
		"powered_rail": {
			"trigger": "minecraft:location",
			"conditions": {
				"player":  {
					"type_specific": {
						"type": "player",
						"advancements": {
							"aic:redstone/powered_rail": true
						}
					}
				}
			}
		},
		"armor_stand": {
			"trigger": "minecraft:location",
			"conditions": {
				"player":  {
					"type_specific": {
						"type": "player",
						"advancements": {
							"aic:redstone/armor_stand": true
						}
					}
				}
			}
		}
	}
}