{
	"display": {
		"icon": {
			"id": "waxed_exposed_copper_bulb"
		},
		"title": {
			"text": "Waxed Exposed Copper Bulb",
			"color": "#FFFFFF"
		},
		"description": {
			"text": "",
			"color": "#FFFFFF"
		},
		"frame": "task",
		"show_toast": false,
		"announce_to_chat": false,
		"hidden": false
	},
	"criteria": {
		"requirement": {
			"trigger": "minecraft:inventory_changed",
			"conditions": {
				"items": [
					{
						"items": [
							"waxed_exposed_copper_bulb"
						]
					}
				]
			}
		}
	},
	"parent": "aic:caves/waxed_exposed_copper_grate",
	"rewards": {
		"function": "aic:advancements/item/waxed_exposed_copper_bulb"
	}
}
