{
	"display": {
		"icon": {
			"id": "diamond_ore"
		},
		"title": {
			"text": "Minerais et Cuivre",
			"color": "#3FE7FF",
			"bold": true
		},
		"description": {
			"text": "",
			"color": "#FFFFFF"
		},
		"frame": "goal",
		"show_toast": false,
		"announce_to_chat": false,
		"hidden": false
	},
	"parent": "aic:aic/woods",
	"rewards": {
		"function": "aic:advancements/collection/caves"
	},
	"criteria": {
		"weathered_copper": {
			"trigger": "minecraft:location",
			"conditions": {
				"player":  {
					"type_specific": {
						"type": "player",
						"advancements": {
							"aic:caves/weathered_copper": true
						}
					}
				}
			}
		},
		"weathered_chiseled_copper": {
			"trigger": "minecraft:location",
			"conditions": {
				"player":  {
					"type_specific": {
						"type": "player",
						"advancements": {
							"aic:caves/weathered_chiseled_copper": true
						}
					}
				}
			}
		},
		"weathered_cut_copper": {
			"trigger": "minecraft:location",
			"conditions": {
				"player":  {
					"type_specific": {
						"type": "player",
						"advancements": {
							"aic:caves/weathered_cut_copper": true
						}
					}
				}
			}
		},
		"weathered_cut_copper_stairs": {
			"trigger": "minecraft:location",
			"conditions": {
				"player":  {
					"type_specific": {
						"type": "player",
						"advancements": {
							"aic:caves/weathered_cut_copper_stairs": true
						}
					}
				}
			}
		},
		"weathered_cut_copper_slab": {
			"trigger": "minecraft:location",
			"conditions": {
				"player":  {
					"type_specific": {
						"type": "player",
						"advancements": {
							"aic:caves/weathered_cut_copper_slab": true
						}
					}
				}
			}
		},
		"weathered_copper_door": {
			"trigger": "minecraft:location",
			"conditions": {
				"player":  {
					"type_specific": {
						"type": "player",
						"advancements": {
							"aic:caves/weathered_copper_door": true
						}
					}
				}
			}
		},
		"weathered_copper_trapdoor": {
			"trigger": "minecraft:location",
			"conditions": {
				"player":  {
					"type_specific": {
						"type": "player",
						"advancements": {
							"aic:caves/weathered_copper_trapdoor": true
						}
					}
				}
			}
		},
		"weathered_copper_grate": {
			"trigger": "minecraft:location",
			"conditions": {
				"player":  {
					"type_specific": {
						"type": "player",
						"advancements": {
							"aic:caves/weathered_copper_grate": true
						}
					}
				}
			}
		},
		"weathered_copper_bulb": {
			"trigger": "minecraft:location",
			"conditions": {
				"player":  {
					"type_specific": {
						"type": "player",
						"advancements": {
							"aic:caves/weathered_copper_bulb": true
						}
					}
				}
			}
		},
		"waxed_weathered_copper": {
			"trigger": "minecraft:location",
			"conditions": {
				"player":  {
					"type_specific": {
						"type": "player",
						"advancements": {
							"aic:caves/waxed_weathered_copper": true
						}
					}
				}
			}
		},
		"waxed_weathered_chiseled_copper": {
			"trigger": "minecraft:location",
			"conditions": {
				"player":  {
					"type_specific": {
						"type": "player",
						"advancements": {
							"aic:caves/waxed_weathered_chiseled_copper": true
						}
					}
				}
			}
		},
		"waxed_weathered_cut_copper": {
			"trigger": "minecraft:location",
			"conditions": {
				"player":  {
					"type_specific": {
						"type": "player",
						"advancements": {
							"aic:caves/waxed_weathered_cut_copper": true
						}
					}
				}
			}
		},
		"waxed_weathered_cut_copper_stairs": {
			"trigger": "minecraft:location",
			"conditions": {
				"player":  {
					"type_specific": {
						"type": "player",
						"advancements": {
							"aic:caves/waxed_weathered_cut_copper_stairs": true
						}
					}
				}
			}
		},
		"waxed_weathered_cut_copper_slab": {
			"trigger": "minecraft:location",
			"conditions": {
				"player":  {
					"type_specific": {
						"type": "player",
						"advancements": {
							"aic:caves/waxed_weathered_cut_copper_slab": true
						}
					}
				}
			}
		},
		"waxed_weathered_copper_door": {
			"trigger": "minecraft:location",
			"conditions": {
				"player":  {
					"type_specific": {
						"type": "player",
						"advancements": {
							"aic:caves/waxed_weathered_copper_door": true
						}
					}
				}
			}
		},
		"waxed_weathered_copper_trapdoor": {
			"trigger": "minecraft:location",
			"conditions": {
				"player":  {
					"type_specific": {
						"type": "player",
						"advancements": {
							"aic:caves/waxed_weathered_copper_trapdoor": true
						}
					}
				}
			}
		},
		"waxed_weathered_copper_grate": {
			"trigger": "minecraft:location",
			"conditions": {
				"player":  {
					"type_specific": {
						"type": "player",
						"advancements": {
							"aic:caves/waxed_weathered_copper_grate": true
						}
					}
				}
			}
		},
		"waxed_weathered_copper_bulb": {
			"trigger": "minecraft:location",
			"conditions": {
				"player":  {
					"type_specific": {
						"type": "player",
						"advancements": {
							"aic:caves/waxed_weathered_copper_bulb": true
						}
					}
				}
			}
		},
		"oxidized_copper": {
			"trigger": "minecraft:location",
			"conditions": {
				"player":  {
					"type_specific": {
						"type": "player",
						"advancements": {
							"aic:caves/oxidized_copper": true
						}
					}
				}
			}
		},
		"oxidized_chiseled_copper": {
			"trigger": "minecraft:location",
			"conditions": {
				"player":  {
					"type_specific": {
						"type": "player",
						"advancements": {
							"aic:caves/oxidized_chiseled_copper": true
						}
					}
				}
			}
		},
		"oxidized_cut_copper": {
			"trigger": "minecraft:location",
			"conditions": {
				"player":  {
					"type_specific": {
						"type": "player",
						"advancements": {
							"aic:caves/oxidized_cut_copper": true
						}
					}
				}
			}
		},
		"oxidized_cut_copper_stairs": {
			"trigger": "minecraft:location",
			"conditions": {
				"player":  {
					"type_specific": {
						"type": "player",
						"advancements": {
							"aic:caves/oxidized_cut_copper_stairs": true
						}
					}
				}
			}
		},
		"oxidized_cut_copper_slab": {
			"trigger": "minecraft:location",
			"conditions": {
				"player":  {
					"type_specific": {
						"type": "player",
						"advancements": {
							"aic:caves/oxidized_cut_copper_slab": true
						}
					}
				}
			}
		},
		"oxidized_copper_door": {
			"trigger": "minecraft:location",
			"conditions": {
				"player":  {
					"type_specific": {
						"type": "player",
						"advancements": {
							"aic:caves/oxidized_copper_door": true
						}
					}
				}
			}
		},
		"oxidized_copper_trapdoor": {
			"trigger": "minecraft:location",
			"conditions": {
				"player":  {
					"type_specific": {
						"type": "player",
						"advancements": {
							"aic:caves/oxidized_copper_trapdoor": true
						}
					}
				}
			}
		},
		"oxidized_copper_grate": {
			"trigger": "minecraft:location",
			"conditions": {
				"player":  {
					"type_specific": {
						"type": "player",
						"advancements": {
							"aic:caves/oxidized_copper_grate": true
						}
					}
				}
			}
		},
		"oxidized_copper_bulb": {
			"trigger": "minecraft:location",
			"conditions": {
				"player":  {
					"type_specific": {
						"type": "player",
						"advancements": {
							"aic:caves/oxidized_copper_bulb": true
						}
					}
				}
			}
		},
		"waxed_oxidized_copper": {
			"trigger": "minecraft:location",
			"conditions": {
				"player":  {
					"type_specific": {
						"type": "player",
						"advancements": {
							"aic:caves/waxed_oxidized_copper": true
						}
					}
				}
			}
		},
		"waxed_oxidized_chiseled_copper": {
			"trigger": "minecraft:location",
			"conditions": {
				"player":  {
					"type_specific": {
						"type": "player",
						"advancements": {
							"aic:caves/waxed_oxidized_chiseled_copper": true
						}
					}
				}
			}
		},
		"waxed_oxidized_cut_copper": {
			"trigger": "minecraft:location",
			"conditions": {
				"player":  {
					"type_specific": {
						"type": "player",
						"advancements": {
							"aic:caves/waxed_oxidized_cut_copper": true
						}
					}
				}
			}
		},
		"waxed_oxidized_cut_copper_stairs": {
			"trigger": "minecraft:location",
			"conditions": {
				"player":  {
					"type_specific": {
						"type": "player",
						"advancements": {
							"aic:caves/waxed_oxidized_cut_copper_stairs": true
						}
					}
				}
			}
		},
		"waxed_oxidized_cut_copper_slab": {
			"trigger": "minecraft:location",
			"conditions": {
				"player":  {
					"type_specific": {
						"type": "player",
						"advancements": {
							"aic:caves/waxed_oxidized_cut_copper_slab": true
						}
					}
				}
			}
		},
		"waxed_oxidized_copper_door": {
			"trigger": "minecraft:location",
			"conditions": {
				"player":  {
					"type_specific": {
						"type": "player",
						"advancements": {
							"aic:caves/waxed_oxidized_copper_door": true
						}
					}
				}
			}
		},
		"waxed_oxidized_copper_trapdoor": {
			"trigger": "minecraft:location",
			"conditions": {
				"player":  {
					"type_specific": {
						"type": "player",
						"advancements": {
							"aic:caves/waxed_oxidized_copper_trapdoor": true
						}
					}
				}
			}
		},
		"waxed_oxidized_copper_grate": {
			"trigger": "minecraft:location",
			"conditions": {
				"player":  {
					"type_specific": {
						"type": "player",
						"advancements": {
							"aic:caves/waxed_oxidized_copper_grate": true
						}
					}
				}
			}
		},
		"waxed_oxidized_copper_bulb": {
			"trigger": "minecraft:location",
			"conditions": {
				"player":  {
					"type_specific": {
						"type": "player",
						"advancements": {
							"aic:caves/waxed_oxidized_copper_bulb": true
						}
					}
				}
			}
		},
		"exposed_copper": {
			"trigger": "minecraft:location",
			"conditions": {
				"player":  {
					"type_specific": {
						"type": "player",
						"advancements": {
							"aic:caves/exposed_copper": true
						}
					}
				}
			}
		},
		"exposed_chiseled_copper": {
			"trigger": "minecraft:location",
			"conditions": {
				"player":  {
					"type_specific": {
						"type": "player",
						"advancements": {
							"aic:caves/exposed_chiseled_copper": true
						}
					}
				}
			}
		},
		"exposed_cut_copper": {
			"trigger": "minecraft:location",
			"conditions": {
				"player":  {
					"type_specific": {
						"type": "player",
						"advancements": {
							"aic:caves/exposed_cut_copper": true
						}
					}
				}
			}
		},
		"exposed_cut_copper_stairs": {
			"trigger": "minecraft:location",
			"conditions": {
				"player":  {
					"type_specific": {
						"type": "player",
						"advancements": {
							"aic:caves/exposed_cut_copper_stairs": true
						}
					}
				}
			}
		},
		"exposed_cut_copper_slab": {
			"trigger": "minecraft:location",
			"conditions": {
				"player":  {
					"type_specific": {
						"type": "player",
						"advancements": {
							"aic:caves/exposed_cut_copper_slab": true
						}
					}
				}
			}
		},
		"exposed_copper_door": {
			"trigger": "minecraft:location",
			"conditions": {
				"player":  {
					"type_specific": {
						"type": "player",
						"advancements": {
							"aic:caves/exposed_copper_door": true
						}
					}
				}
			}
		},
		"exposed_copper_trapdoor": {
			"trigger": "minecraft:location",
			"conditions": {
				"player":  {
					"type_specific": {
						"type": "player",
						"advancements": {
							"aic:caves/exposed_copper_trapdoor": true
						}
					}
				}
			}
		},
		"exposed_copper_grate": {
			"trigger": "minecraft:location",
			"conditions": {
				"player":  {
					"type_specific": {
						"type": "player",
						"advancements": {
							"aic:caves/exposed_copper_grate": true
						}
					}
				}
			}
		},
		"exposed_copper_bulb": {
			"trigger": "minecraft:location",
			"conditions": {
				"player":  {
					"type_specific": {
						"type": "player",
						"advancements": {
							"aic:caves/exposed_copper_bulb": true
						}
					}
				}
			}
		},
		"waxed_exposed_copper": {
			"trigger": "minecraft:location",
			"conditions": {
				"player":  {
					"type_specific": {
						"type": "player",
						"advancements": {
							"aic:caves/waxed_exposed_copper": true
						}
					}
				}
			}
		},
		"waxed_exposed_chiseled_copper": {
			"trigger": "minecraft:location",
			"conditions": {
				"player":  {
					"type_specific": {
						"type": "player",
						"advancements": {
							"aic:caves/waxed_exposed_chiseled_copper": true
						}
					}
				}
			}
		},
		"waxed_exposed_cut_copper": {
			"trigger": "minecraft:location",
			"conditions": {
				"player":  {
					"type_specific": {
						"type": "player",
						"advancements": {
							"aic:caves/waxed_exposed_cut_copper": true
						}
					}
				}
			}
		},
		"waxed_exposed_cut_copper_stairs": {
			"trigger": "minecraft:location",
			"conditions": {
				"player":  {
					"type_specific": {
						"type": "player",
						"advancements": {
							"aic:caves/waxed_exposed_cut_copper_stairs": true
						}
					}
				}
			}
		},
		"waxed_exposed_cut_copper_slab": {
			"trigger": "minecraft:location",
			"conditions": {
				"player":  {
					"type_specific": {
						"type": "player",
						"advancements": {
							"aic:caves/waxed_exposed_cut_copper_slab": true
						}
					}
				}
			}
		},
		"waxed_exposed_copper_door": {
			"trigger": "minecraft:location",
			"conditions": {
				"player":  {
					"type_specific": {
						"type": "player",
						"advancements": {
							"aic:caves/waxed_exposed_copper_door": true
						}
					}
				}
			}
		},
		"waxed_exposed_copper_trapdoor": {
			"trigger": "minecraft:location",
			"conditions": {
				"player":  {
					"type_specific": {
						"type": "player",
						"advancements": {
							"aic:caves/waxed_exposed_copper_trapdoor": true
						}
					}
				}
			}
		},
		"waxed_exposed_copper_grate": {
			"trigger": "minecraft:location",
			"conditions": {
				"player":  {
					"type_specific": {
						"type": "player",
						"advancements": {
							"aic:caves/waxed_exposed_copper_grate": true
						}
					}
				}
			}
		},
		"waxed_exposed_copper_bulb": {
			"trigger": "minecraft:location",
			"conditions": {
				"player":  {
					"type_specific": {
						"type": "player",
						"advancements": {
							"aic:caves/waxed_exposed_copper_bulb": true
						}
					}
				}
			}
		},
		"copper_block": {
			"trigger": "minecraft:location",
			"conditions": {
				"player":  {
					"type_specific": {
						"type": "player",
						"advancements": {
							"aic:caves/copper_block": true
						}
					}
				}
			}
		},
		"chiseled_copper": {
			"trigger": "minecraft:location",
			"conditions": {
				"player":  {
					"type_specific": {
						"type": "player",
						"advancements": {
							"aic:caves/chiseled_copper": true
						}
					}
				}
			}
		},
		"cut_copper": {
			"trigger": "minecraft:location",
			"conditions": {
				"player":  {
					"type_specific": {
						"type": "player",
						"advancements": {
							"aic:caves/cut_copper": true
						}
					}
				}
			}
		},
		"cut_copper_stairs": {
			"trigger": "minecraft:location",
			"conditions": {
				"player":  {
					"type_specific": {
						"type": "player",
						"advancements": {
							"aic:caves/cut_copper_stairs": true
						}
					}
				}
			}
		},
		"cut_copper_slab": {
			"trigger": "minecraft:location",
			"conditions": {
				"player":  {
					"type_specific": {
						"type": "player",
						"advancements": {
							"aic:caves/cut_copper_slab": true
						}
					}
				}
			}
		},
		"copper_door": {
			"trigger": "minecraft:location",
			"conditions": {
				"player":  {
					"type_specific": {
						"type": "player",
						"advancements": {
							"aic:caves/copper_door": true
						}
					}
				}
			}
		},
		"copper_trapdoor": {
			"trigger": "minecraft:location",
			"conditions": {
				"player":  {
					"type_specific": {
						"type": "player",
						"advancements": {
							"aic:caves/copper_trapdoor": true
						}
					}
				}
			}
		},
		"copper_grate": {
			"trigger": "minecraft:location",
			"conditions": {
				"player":  {
					"type_specific": {
						"type": "player",
						"advancements": {
							"aic:caves/copper_grate": true
						}
					}
				}
			}
		},
		"copper_bulb": {
			"trigger": "minecraft:location",
			"conditions": {
				"player":  {
					"type_specific": {
						"type": "player",
						"advancements": {
							"aic:caves/copper_bulb": true
						}
					}
				}
			}
		},
		"waxed_copper": {
			"trigger": "minecraft:location",
			"conditions": {
				"player":  {
					"type_specific": {
						"type": "player",
						"advancements": {
							"aic:caves/waxed_copper_block": true
						}
					}
				}
			}
		},
		"waxed_chiseled_copper": {
			"trigger": "minecraft:location",
			"conditions": {
				"player":  {
					"type_specific": {
						"type": "player",
						"advancements": {
							"aic:caves/waxed_chiseled_copper": true
						}
					}
				}
			}
		},
		"waxed_cut_copper": {
			"trigger": "minecraft:location",
			"conditions": {
				"player":  {
					"type_specific": {
						"type": "player",
						"advancements": {
							"aic:caves/waxed_cut_copper": true
						}
					}
				}
			}
		},
		"waxed_cut_copper_stairs": {
			"trigger": "minecraft:location",
			"conditions": {
				"player":  {
					"type_specific": {
						"type": "player",
						"advancements": {
							"aic:caves/waxed_cut_copper_stairs": true
						}
					}
				}
			}
		},
		"waxed_cut_copper_slab": {
			"trigger": "minecraft:location",
			"conditions": {
				"player":  {
					"type_specific": {
						"type": "player",
						"advancements": {
							"aic:caves/waxed_cut_copper_slab": true
						}
					}
				}
			}
		},
		"waxed_copper_door": {
			"trigger": "minecraft:location",
			"conditions": {
				"player":  {
					"type_specific": {
						"type": "player",
						"advancements": {
							"aic:caves/waxed_copper_door": true
						}
					}
				}
			}
		},
		"waxed_copper_trapdoor": {
			"trigger": "minecraft:location",
			"conditions": {
				"player":  {
					"type_specific": {
						"type": "player",
						"advancements": {
							"aic:caves/waxed_copper_trapdoor": true
						}
					}
				}
			}
		},
		"waxed_copper_grate": {
			"trigger": "minecraft:location",
			"conditions": {
				"player":  {
					"type_specific": {
						"type": "player",
						"advancements": {
							"aic:caves/waxed_copper_grate": true
						}
					}
				}
			}
		},
		"waxed_copper_bulb": {
			"trigger": "minecraft:location",
			"conditions": {
				"player":  {
					"type_specific": {
						"type": "player",
						"advancements": {
							"aic:caves/waxed_copper_bulb": true
						}
					}
				}
			}
		},
		"sculk": {
			"trigger": "minecraft:location",
			"conditions": {
				"player":  {
					"type_specific": {
						"type": "player",
						"advancements": {
							"aic:caves/sculk": true
						}
					}
				}
			}
		},
		"sculk_catalyst": {
			"trigger": "minecraft:location",
			"conditions": {
				"player":  {
					"type_specific": {
						"type": "player",
						"advancements": {
							"aic:caves/sculk_catalyst": true
						}
					}
				}
			}
		},
		"sculk_shrieker": {
			"trigger": "minecraft:location",
			"conditions": {
				"player":  {
					"type_specific": {
						"type": "player",
						"advancements": {
							"aic:caves/sculk_shrieker": true
						}
					}
				}
			}
		},
		"sculk_sensor": {
			"trigger": "minecraft:location",
			"conditions": {
				"player":  {
					"type_specific": {
						"type": "player",
						"advancements": {
							"aic:caves/sculk_sensor": true
						}
					}
				}
			}
		},
		"calibrated_sculk_sensor": {
			"trigger": "minecraft:location",
			"conditions": {
				"player":  {
					"type_specific": {
						"type": "player",
						"advancements": {
							"aic:caves/calibrated_sculk_sensor": true
						}
					}
				}
			}
		},
		"sculk_vein": {
			"trigger": "minecraft:location",
			"conditions": {
				"player":  {
					"type_specific": {
						"type": "player",
						"advancements": {
							"aic:caves/sculk_vein": true
						}
					}
				}
			}
		},
		"calcite": {
			"trigger": "minecraft:location",
			"conditions": {
				"player":  {
					"type_specific": {
						"type": "player",
						"advancements": {
							"aic:caves/calcite": true
						}
					}
				}
			}
		},
		"amethyst_block": {
			"trigger": "minecraft:location",
			"conditions": {
				"player":  {
					"type_specific": {
						"type": "player",
						"advancements": {
							"aic:caves/amethyst_block": true
						}
					}
				}
			}
		},
		"amethyst_cluster": {
			"trigger": "minecraft:location",
			"conditions": {
				"player":  {
					"type_specific": {
						"type": "player",
						"advancements": {
							"aic:caves/amethyst_cluster": true
						}
					}
				}
			}
		},
		"large_amethyst_bud": {
			"trigger": "minecraft:location",
			"conditions": {
				"player":  {
					"type_specific": {
						"type": "player",
						"advancements": {
							"aic:caves/large_amethyst_bud": true
						}
					}
				}
			}
		},
		"medium_amethyst_bud": {
			"trigger": "minecraft:location",
			"conditions": {
				"player":  {
					"type_specific": {
						"type": "player",
						"advancements": {
							"aic:caves/medium_amethyst_bud": true
						}
					}
				}
			}
		},
		"small_amethyst_bud": {
			"trigger": "minecraft:location",
			"conditions": {
				"player":  {
					"type_specific": {
						"type": "player",
						"advancements": {
							"aic:caves/small_amethyst_bud": true
						}
					}
				}
			}
		},
		"amethyst_shard": {
			"trigger": "minecraft:location",
			"conditions": {
				"player":  {
					"type_specific": {
						"type": "player",
						"advancements": {
							"aic:caves/amethyst_shard": true
						}
					}
				}
			}
		},
		"deepslate_coal_ore": {
			"trigger": "minecraft:location",
			"conditions": {
				"player":  {
					"type_specific": {
						"type": "player",
						"advancements": {
							"aic:caves/deepslate_coal_ore": true
						}
					}
				}
			}
		},
		"coal_ore": {
			"trigger": "minecraft:location",
			"conditions": {
				"player":  {
					"type_specific": {
						"type": "player",
						"advancements": {
							"aic:caves/coal_ore": true
						}
					}
				}
			}
		},
		"coal": {
			"trigger": "minecraft:location",
			"conditions": {
				"player":  {
					"type_specific": {
						"type": "player",
						"advancements": {
							"aic:caves/coal": true
						}
					}
				}
			}
		},
		"coal_block": {
			"trigger": "minecraft:location",
			"conditions": {
				"player":  {
					"type_specific": {
						"type": "player",
						"advancements": {
							"aic:caves/coal_block": true
						}
					}
				}
			}
		},
		"deepslate_copper_ore": {
			"trigger": "minecraft:location",
			"conditions": {
				"player":  {
					"type_specific": {
						"type": "player",
						"advancements": {
							"aic:caves/deepslate_copper_ore": true
						}
					}
				}
			}
		},
		"copper_ore": {
			"trigger": "minecraft:location",
			"conditions": {
				"player":  {
					"type_specific": {
						"type": "player",
						"advancements": {
							"aic:caves/copper_ore": true
						}
					}
				}
			}
		},
		"copper_ingot": {
			"trigger": "minecraft:location",
			"conditions": {
				"player":  {
					"type_specific": {
						"type": "player",
						"advancements": {
							"aic:caves/copper_ingot": true
						}
					}
				}
			}
		},
		"raw_copper_block": {
			"trigger": "minecraft:location",
			"conditions": {
				"player":  {
					"type_specific": {
						"type": "player",
						"advancements": {
							"aic:caves/raw_copper_block": true
						}
					}
				}
			}
		},
		"raw_copper": {
			"trigger": "minecraft:location",
			"conditions": {
				"player":  {
					"type_specific": {
						"type": "player",
						"advancements": {
							"aic:caves/raw_copper": true
						}
					}
				}
			}
		},
		"deepslate_iron_ore": {
			"trigger": "minecraft:location",
			"conditions": {
				"player":  {
					"type_specific": {
						"type": "player",
						"advancements": {
							"aic:caves/deepslate_iron_ore": true
						}
					}
				}
			}
		},
		"iron_ore": {
			"trigger": "minecraft:location",
			"conditions": {
				"player":  {
					"type_specific": {
						"type": "player",
						"advancements": {
							"aic:caves/iron_ore": true
						}
					}
				}
			}
		},
		"iron_ingot": {
			"trigger": "minecraft:location",
			"conditions": {
				"player":  {
					"type_specific": {
						"type": "player",
						"advancements": {
							"aic:caves/iron_ingot": true
						}
					}
				}
			}
		},
		"iron_block": {
			"trigger": "minecraft:location",
			"conditions": {
				"player":  {
					"type_specific": {
						"type": "player",
						"advancements": {
							"aic:caves/iron_block": true
						}
					}
				}
			}
		},
		"raw_iron": {
			"trigger": "minecraft:location",
			"conditions": {
				"player":  {
					"type_specific": {
						"type": "player",
						"advancements": {
							"aic:caves/raw_iron": true
						}
					}
				}
			}
		},
		"raw_iron_block": {
			"trigger": "minecraft:location",
			"conditions": {
				"player":  {
					"type_specific": {
						"type": "player",
						"advancements": {
							"aic:caves/raw_iron_block": true
						}
					}
				}
			}
		},
		"iron_nugget": {
			"trigger": "minecraft:location",
			"conditions": {
				"player":  {
					"type_specific": {
						"type": "player",
						"advancements": {
							"aic:caves/iron_nugget": true
						}
					}
				}
			}
		},
		"deepslate_gold_ore": {
			"trigger": "minecraft:location",
			"conditions": {
				"player":  {
					"type_specific": {
						"type": "player",
						"advancements": {
							"aic:caves/deepslate_gold_ore": true
						}
					}
				}
			}
		},
		"gold_ore": {
			"trigger": "minecraft:location",
			"conditions": {
				"player":  {
					"type_specific": {
						"type": "player",
						"advancements": {
							"aic:caves/gold_ore": true
						}
					}
				}
			}
		},
		"gold_ingot": {
			"trigger": "minecraft:location",
			"conditions": {
				"player":  {
					"type_specific": {
						"type": "player",
						"advancements": {
							"aic:caves/gold_ingot": true
						}
					}
				}
			}
		},
		"gold_block": {
			"trigger": "minecraft:location",
			"conditions": {
				"player":  {
					"type_specific": {
						"type": "player",
						"advancements": {
							"aic:caves/gold_block": true
						}
					}
				}
			}
		},
		"raw_gold": {
			"trigger": "minecraft:location",
			"conditions": {
				"player":  {
					"type_specific": {
						"type": "player",
						"advancements": {
							"aic:caves/raw_gold": true
						}
					}
				}
			}
		},
		"raw_gold_block": {
			"trigger": "minecraft:location",
			"conditions": {
				"player":  {
					"type_specific": {
						"type": "player",
						"advancements": {
							"aic:caves/raw_gold_block": true
						}
					}
				}
			}
		},
		"gold_nugget": {
			"trigger": "minecraft:location",
			"conditions": {
				"player":  {
					"type_specific": {
						"type": "player",
						"advancements": {
							"aic:caves/gold_nugget": true
						}
					}
				}
			}
		},
		"deepslate_lapis_ore": {
			"trigger": "minecraft:location",
			"conditions": {
				"player":  {
					"type_specific": {
						"type": "player",
						"advancements": {
							"aic:caves/deepslate_lapis_ore": true
						}
					}
				}
			}
		},
		"lapis_ore": {
			"trigger": "minecraft:location",
			"conditions": {
				"player":  {
					"type_specific": {
						"type": "player",
						"advancements": {
							"aic:caves/lapis_ore": true
						}
					}
				}
			}
		},
		"lapis_lazuli": {
			"trigger": "minecraft:location",
			"conditions": {
				"player":  {
					"type_specific": {
						"type": "player",
						"advancements": {
							"aic:caves/lapis_lazuli": true
						}
					}
				}
			}
		},
		"lapis_block": {
			"trigger": "minecraft:location",
			"conditions": {
				"player":  {
					"type_specific": {
						"type": "player",
						"advancements": {
							"aic:caves/lapis_block": true
						}
					}
				}
			}
		},
		"deepslate_redstone_ore": {
			"trigger": "minecraft:location",
			"conditions": {
				"player":  {
					"type_specific": {
						"type": "player",
						"advancements": {
							"aic:caves/deepslate_redstone_ore": true
						}
					}
				}
			}
		},
		"redstone_ore": {
			"trigger": "minecraft:location",
			"conditions": {
				"player":  {
					"type_specific": {
						"type": "player",
						"advancements": {
							"aic:caves/redstone_ore": true
						}
					}
				}
			}
		},
		"redstone": {
			"trigger": "minecraft:location",
			"conditions": {
				"player":  {
					"type_specific": {
						"type": "player",
						"advancements": {
							"aic:caves/redstone": true
						}
					}
				}
			}
		},
		"redstone_block": {
			"trigger": "minecraft:location",
			"conditions": {
				"player":  {
					"type_specific": {
						"type": "player",
						"advancements": {
							"aic:caves/redstone_block": true
						}
					}
				}
			}
		},
		"deepslate_diamond_ore": {
			"trigger": "minecraft:location",
			"conditions": {
				"player":  {
					"type_specific": {
						"type": "player",
						"advancements": {
							"aic:caves/deepslate_diamond_ore": true
						}
					}
				}
			}
		},
		"diamond_ore": {
			"trigger": "minecraft:location",
			"conditions": {
				"player":  {
					"type_specific": {
						"type": "player",
						"advancements": {
							"aic:caves/diamond_ore": true
						}
					}
				}
			}
		},
		"diamond": {
			"trigger": "minecraft:location",
			"conditions": {
				"player":  {
					"type_specific": {
						"type": "player",
						"advancements": {
							"aic:caves/diamond": true
						}
					}
				}
			}
		},
		"diamond_block": {
			"trigger": "minecraft:location",
			"conditions": {
				"player":  {
					"type_specific": {
						"type": "player",
						"advancements": {
							"aic:caves/diamond_block": true
						}
					}
				}
			}
		},
		"deepslate_emerald_ore": {
			"trigger": "minecraft:location",
			"conditions": {
				"player":  {
					"type_specific": {
						"type": "player",
						"advancements": {
							"aic:caves/deepslate_emerald_ore": true
						}
					}
				}
			}
		},
		"emerald_ore": {
			"trigger": "minecraft:location",
			"conditions": {
				"player":  {
					"type_specific": {
						"type": "player",
						"advancements": {
							"aic:caves/emerald_ore": true
						}
					}
				}
			}
		},
		"emerald": {
			"trigger": "minecraft:location",
			"conditions": {
				"player":  {
					"type_specific": {
						"type": "player",
						"advancements": {
							"aic:caves/emerald": true
						}
					}
				}
			}
		},
		"emerald_block": {
			"trigger": "minecraft:location",
			"conditions": {
				"player":  {
					"type_specific": {
						"type": "player",
						"advancements": {
							"aic:caves/emerald_block": true
						}
					}
				}
			}
		}
	}
}
