{
    "criteria": {
        "requirement": {
            "trigger": "minecraft:player_hurt_entity",
            "conditions": {
                "damage": {
                    "source_entity": {
                          "type": "#minecraft:arrows",
                          "nbt": "{uau.arrow:1b}"
                        },
                    "blocked": false
                }
            }
        }
    },
    "rewards": {
        "function": "uau:arrow/hurt_player/_"
    }
}