{
	"display": {
		"icon": {
			"id": "mojang_banner_pattern"
		},
		"title": {
			"text": "Mojang Banner Pattern",
			"color": "#FFFFFF"
		},
		"description": {
			"text": "",
			"color": "#FFFFFF"
		},
		"frame": "task",
		"show_toast": false,
		"announce_to_chat": false,
		"hidden": false
	},
	"criteria": {
		"requirement": {
			"trigger": "minecraft:inventory_changed",
			"conditions": {
				"items": [
					{
						"items": [
							"mojang_banner_pattern"
						]
					}
				]
			}
		}
	},
	"parent": "aic:collectionable/guster_banner_pattern",
	"rewards": {
		"function": "aic:advancements/item/mojang_banner_pattern"
	}
}
