{
	"display": {
		"icon": {
			"id": "experience_bottle"
		},
		"title": {
			"text": "Experience Bottle",
			"color": "#FFFFFF"
		},
		"description": {
			"text": "",
			"color": "#FFFFFF"
		},
		"frame": "task",
		"show_toast": false,
		"announce_to_chat": false,
		"hidden": false
	},
	"criteria": {
		"requirement": {
			"trigger": "minecraft:inventory_changed",
			"conditions": {
				"items": [
					{
						"items": [
							"experience_bottle"
						]
					}
				]
			}
		}
	},
	"parent": "aic:collectionable/echo_shard",
	"rewards": {
		"function": "aic:advancements/item/experience_bottle"
	}
}
