{
	"display": {
		"icon": {
			"id": "heart_pottery_sherd"
		},
		"title": {
			"text": "Heart Pottery Sherd",
			"color": "#FFFFFF"
		},
		"description": {
			"text": "",
			"color": "#FFFFFF"
		},
		"frame": "task",
		"show_toast": false,
		"announce_to_chat": false,
		"hidden": false
	},
	"criteria": {
		"requirement": {
			"trigger": "minecraft:inventory_changed",
			"conditions": {
				"items": [
					{
						"items": [
							"heart_pottery_sherd"
						]
					}
				]
			}
		}
	},
	"parent": "aic:collectionable/_challenge_sherd",
	"rewards": {
		"function": "aic:advancements/item/heart_pottery_sherd"
	}
}
