{
	"display": {
		"icon": {
			"id": "writable_book"
		},
		"title": {
			"text": "Divers",
			"color": "#3FE7FF"
		},
		"description": {
			"text": "",
			"color": "#FFFFFF"
		},
		"frame": "challenge",
		"show_toast": false,
		"announce_to_chat": false,
		"hidden": false
	},
	"criteria": {
		"bucket": {
			"trigger": "minecraft:location",
			"conditions": {
				"player":  {
					"type_specific": {
						"type": "player",
						"advancements": {
							"aic:collectionable/bucket": true
						}
					}
				}
			}
		},
		"milk_bucket": {
			"trigger": "minecraft:location",
			"conditions": {
				"player":  {
					"type_specific": {
						"type": "player",
						"advancements": {
							"aic:collectionable/milk_bucket": true
						}
					}
				}
			}
		},
		"powder_snow_bucket": {
			"trigger": "minecraft:location",
			"conditions": {
				"player":  {
					"type_specific": {
						"type": "player",
						"advancements": {
							"aic:collectionable/powder_snow_bucket": true
						}
					}
				}
			}
		},
		"lava_bucket": {
			"trigger": "minecraft:location",
			"conditions": {
				"player":  {
					"type_specific": {
						"type": "player",
						"advancements": {
							"aic:collectionable/lava_bucket": true
						}
					}
				}
			}
		},
		"water_bucket": {
			"trigger": "minecraft:location",
			"conditions": {
				"player":  {
					"type_specific": {
						"type": "player",
						"advancements": {
							"aic:collectionable/water_bucket": true
						}
					}
				}
			}
		},
		"cod_bucket": {
			"trigger": "minecraft:location",
			"conditions": {
				"player":  {
					"type_specific": {
						"type": "player",
						"advancements": {
							"aic:collectionable/cod_bucket": true
						}
					}
				}
			}
		},
		"salmon_bucket": {
			"trigger": "minecraft:location",
			"conditions": {
				"player":  {
					"type_specific": {
						"type": "player",
						"advancements": {
							"aic:collectionable/salmon_bucket": true
						}
					}
				}
			}
		},
		"pufferfish_bucket": {
			"trigger": "minecraft:location",
			"conditions": {
				"player":  {
					"type_specific": {
						"type": "player",
						"advancements": {
							"aic:collectionable/pufferfish_bucket": true
						}
					}
				}
			}
		},
		"tropical_fish_bucket": {
			"trigger": "minecraft:location",
			"conditions": {
				"player":  {
					"type_specific": {
						"type": "player",
						"advancements": {
							"aic:collectionable/tropical_fish_bucket": true
						}
					}
				}
			}
		},
		"tadpole_bucket": {
			"trigger": "minecraft:location",
			"conditions": {
				"player":  {
					"type_specific": {
						"type": "player",
						"advancements": {
							"aic:collectionable/tadpole_bucket": true
						}
					}
				}
			}
		},
		"axolotl_bucket": {
			"trigger": "minecraft:location",
			"conditions": {
				"player":  {
					"type_specific": {
						"type": "player",
						"advancements": {
							"aic:collectionable/axolotl_bucket": true
						}
					}
				}
			}
		},
		"admire_goat_horn": {
			"trigger": "minecraft:location",
			"conditions": {
				"player":  {
					"type_specific": {
						"type": "player",
						"advancements": {
							"aic:collectionable/admire_goat_horn": true
						}
					}
				}
			}
		},
		"call_goat_horn": {
			"trigger": "minecraft:location",
			"conditions": {
				"player":  {
					"type_specific": {
						"type": "player",
						"advancements": {
							"aic:collectionable/call_goat_horn": true
						}
					}
				}
			}
		},
		"dream_goat_horn": {
			"trigger": "minecraft:location",
			"conditions": {
				"player":  {
					"type_specific": {
						"type": "player",
						"advancements": {
							"aic:collectionable/dream_goat_horn": true
						}
					}
				}
			}
		},
		"feel_goat_horn": {
			"trigger": "minecraft:location",
			"conditions": {
				"player":  {
					"type_specific": {
						"type": "player",
						"advancements": {
							"aic:collectionable/feel_goat_horn": true
						}
					}
				}
			}
		},
		"ponder_goat_horn": {
			"trigger": "minecraft:location",
			"conditions": {
				"player":  {
					"type_specific": {
						"type": "player",
						"advancements": {
							"aic:collectionable/ponder_goat_horn": true
						}
					}
				}
			}
		},
		"seek_goat_horn": {
			"trigger": "minecraft:location",
			"conditions": {
				"player":  {
					"type_specific": {
						"type": "player",
						"advancements": {
							"aic:collectionable/seek_goat_horn": true
						}
					}
				}
			}
		},
		"sing_goat_horn": {
			"trigger": "minecraft:location",
			"conditions": {
				"player":  {
					"type_specific": {
						"type": "player",
						"advancements": {
							"aic:collectionable/sing_goat_horn": true
						}
					}
				}
			}
		},
		"yearn_goat_horn": {
			"trigger": "minecraft:location",
			"conditions": {
				"player":  {
					"type_specific": {
						"type": "player",
						"advancements": {
							"aic:collectionable/yearn_goat_horn": true
						}
					}
				}
			}
		},
		"wither_skeleton_skull": {
			"trigger": "minecraft:location",
			"conditions": {
				"player":  {
					"type_specific": {
						"type": "player",
						"advancements": {
							"aic:collectionable/wither_skeleton_skull": true
						}
					}
				}
			}
		},
		"skeleton_skull": {
			"trigger": "minecraft:location",
			"conditions": {
				"player":  {
					"type_specific": {
						"type": "player",
						"advancements": {
							"aic:collectionable/skeleton_skull": true
						}
					}
				}
			}
		},
		"creeper_head": {
			"trigger": "minecraft:location",
			"conditions": {
				"player":  {
					"type_specific": {
						"type": "player",
						"advancements": {
							"aic:collectionable/creeper_head": true
						}
					}
				}
			}
		},
		"piglin_head": {
			"trigger": "minecraft:location",
			"conditions": {
				"player":  {
					"type_specific": {
						"type": "player",
						"advancements": {
							"aic:collectionable/piglin_head": true
						}
					}
				}
			}
		},
		"zombie_head": {
			"trigger": "minecraft:location",
			"conditions": {
				"player":  {
					"type_specific": {
						"type": "player",
						"advancements": {
							"aic:collectionable/zombie_head": true
						}
					}
				}
			}
		},
		"string": {
			"trigger": "minecraft:location",
			"conditions": {
				"player":  {
					"type_specific": {
						"type": "player",
						"advancements": {
							"aic:collectionable/string": true
						}
					}
				}
			}
		},
		"slime_ball": {
			"trigger": "minecraft:location",
			"conditions": {
				"player":  {
					"type_specific": {
						"type": "player",
						"advancements": {
							"aic:collectionable/slime_ball": true
						}
					}
				}
			}
		},
		"slime_block": {
			"trigger": "minecraft:location",
			"conditions": {
				"player":  {
					"type_specific": {
						"type": "player",
						"advancements": {
							"aic:collectionable/slime_block": true
						}
					}
				}
			}
		},
		"lead": {
			"trigger": "minecraft:location",
			"conditions": {
				"player":  {
					"type_specific": {
						"type": "player",
						"advancements": {
							"aic:collectionable/lead": true
						}
					}
				}
			}
		},
		"phantom_membrane": {
			"trigger": "minecraft:location",
			"conditions": {
				"player":  {
					"type_specific": {
						"type": "player",
						"advancements": {
							"aic:collectionable/phantom_membrane": true
						}
					}
				}
			}
		},
		"breeze_rod": {
			"trigger": "minecraft:location",
			"conditions": {
				"player":  {
					"type_specific": {
						"type": "player",
						"advancements": {
							"aic:collectionable/breeze_rod": true
						}
					}
				}
			}
		},
		"wind_charge": {
			"trigger": "minecraft:location",
			"conditions": {
				"player":  {
					"type_specific": {
						"type": "player",
						"advancements": {
							"aic:collectionable/wind_charge": true
						}
					}
				}
			}
		},
		"trial_key": {
			"trigger": "minecraft:location",
			"conditions": {
				"player":  {
					"type_specific": {
						"type": "player",
						"advancements": {
							"aic:collectionable/trial_key": true
						}
					}
				}
			}
		},
		"ominous_trial_key": {
			"trigger": "minecraft:location",
			"conditions": {
				"player":  {
					"type_specific": {
						"type": "player",
						"advancements": {
							"aic:collectionable/ominous_trial_key": true
						}
					}
				}
			}
		},
		"heavy_core": {
			"trigger": "minecraft:location",
			"conditions": {
				"player":  {
					"type_specific": {
						"type": "player",
						"advancements": {
							"aic:collectionable/heavy_core": true
						}
					}
				}
			}
		},
		"echo_shard": {
			"trigger": "minecraft:location",
			"conditions": {
				"player":  {
					"type_specific": {
						"type": "player",
						"advancements": {
							"aic:collectionable/echo_shard": true
						}
					}
				}
			}
		},
		"experience_bottle": {
			"trigger": "minecraft:location",
			"conditions": {
				"player":  {
					"type_specific": {
						"type": "player",
						"advancements": {
							"aic:collectionable/experience_bottle": true
						}
					}
				}
			}
		},
		"name_tag": {
			"trigger": "minecraft:location",
			"conditions": {
				"player":  {
					"type_specific": {
						"type": "player",
						"advancements": {
							"aic:collectionable/name_tag": true
						}
					}
				}
			}
		},
		"paper": {
			"trigger": "minecraft:location",
			"conditions": {
				"player":  {
					"type_specific": {
						"type": "player",
						"advancements": {
							"aic:collectionable/paper": true
						}
					}
				}
			}
		},
		"map": {
			"trigger": "minecraft:location",
			"conditions": {
				"player":  {
					"type_specific": {
						"type": "player",
						"advancements": {
							"aic:collectionable/map": true
						}
					}
				}
			}
		},
		"filled_map": {
			"trigger": "minecraft:location",
			"conditions": {
				"player":  {
					"type_specific": {
						"type": "player",
						"advancements": {
							"aic:collectionable/filled_map": true
						}
					}
				}
			}
		},
		"ink_sac": {
			"trigger": "minecraft:location",
			"conditions": {
				"player":  {
					"type_specific": {
						"type": "player",
						"advancements": {
							"aic:collectionable/ink_sac": true
						}
					}
				}
			}
		},
		"glow_ink_sac": {
			"trigger": "minecraft:location",
			"conditions": {
				"player":  {
					"type_specific": {
						"type": "player",
						"advancements": {
							"aic:collectionable/glow_ink_sac": true
						}
					}
				}
			}
		},
		"book": {
			"trigger": "minecraft:location",
			"conditions": {
				"player":  {
					"type_specific": {
						"type": "player",
						"advancements": {
							"aic:collectionable/book": true
						}
					}
				}
			}
		},
		"writable_book": {
			"trigger": "minecraft:location",
			"conditions": {
				"player":  {
					"type_specific": {
						"type": "player",
						"advancements": {
							"aic:collectionable/writable_book": true
						}
					}
				}
			}
		},
		"written_book": {
			"trigger": "minecraft:location",
			"conditions": {
				"player":  {
					"type_specific": {
						"type": "player",
						"advancements": {
							"aic:collectionable/written_book": true
						}
					}
				}
			}
		},
		"enchanted_book": {
			"trigger": "minecraft:location",
			"conditions": {
				"player":  {
					"type_specific": {
						"type": "player",
						"advancements": {
							"aic:collectionable/enchanted_book": true
						}
					}
				}
			}
		},
		"gunpowder": {
			"trigger": "minecraft:location",
			"conditions": {
				"player":  {
					"type_specific": {
						"type": "player",
						"advancements": {
							"aic:collectionable/gunpowder": true
						}
					}
				}
			}
		},
		"firework_star": {
			"trigger": "minecraft:location",
			"conditions": {
				"player":  {
					"type_specific": {
						"type": "player",
						"advancements": {
							"aic:collectionable/firework_star": true
						}
					}
				}
			}
		},
		"fire_charge": {
			"trigger": "minecraft:location",
			"conditions": {
				"player":  {
					"type_specific": {
						"type": "player",
						"advancements": {
							"aic:collectionable/fire_charge": true
						}
					}
				}
			}
		},
		"firework_rocket": {
			"trigger": "minecraft:location",
			"conditions": {
				"player":  {
					"type_specific": {
						"type": "player",
						"advancements": {
							"aic:collectionable/firework_rocket": true
						}
					}
				}
			}
		},
		"feather": {
			"trigger": "minecraft:location",
			"conditions": {
				"player":  {
					"type_specific": {
						"type": "player",
						"advancements": {
							"aic:collectionable/feather": true
						}
					}
				}
			}
		},
		"leather": {
			"trigger": "minecraft:location",
			"conditions": {
				"player":  {
					"type_specific": {
						"type": "player",
						"advancements": {
							"aic:collectionable/leather": true
						}
					}
				}
			}
		},
		"rabbit_hide": {
			"trigger": "minecraft:location",
			"conditions": {
				"player":  {
					"type_specific": {
						"type": "player",
						"advancements": {
							"aic:collectionable/rabbit_hide": true
						}
					}
				}
			}
		},
		"rabbit_foot": {
			"trigger": "minecraft:location",
			"conditions": {
				"player":  {
					"type_specific": {
						"type": "player",
						"advancements": {
							"aic:collectionable/rabbit_foot": true
						}
					}
				}
			}
		},
		"armadillo_scute": {
			"trigger": "minecraft:location",
			"conditions": {
				"player":  {
					"type_specific": {
						"type": "player",
						"advancements": {
							"aic:collectionable/armadillo_scute": true
						}
					}
				}
			}
		}
	},
	"parent": "aic:_root_01"
}