{
	"display": {
		"icon": {
			"id": "writable_book"
		},
		"title": {
			"text": "Writable Book",
			"color": "#FFFFFF"
		},
		"description": {
			"text": "",
			"color": "#FFFFFF"
		},
		"frame": "task",
		"show_toast": false,
		"announce_to_chat": false,
		"hidden": false
	},
	"criteria": {
		"requirement": {
			"trigger": "minecraft:inventory_changed",
			"conditions": {
				"items": [
					{
						"items": [
							"writable_book"
						]
					}
				]
			}
		}
	},
	"parent": "aic:collectionable/book",
	"rewards": {
		"function": "aic:advancements/item/writable_book"
	}
}
