{
  "type": "minecraft:chest",
  "pools": [
    {
      "bonus_rolls": 0.0,
      "entries": [
        {
          "type": "minecraft:item",
          "functions": [
            {
              "add": false,
              "count": {
                "type": "minecraft:uniform",
                "max": 6.0,
                "min": 2.0
              },
              "function": "minecraft:set_count"
            }
          ],
          "name": "minecraft:emerald",
          "weight": 8
        },
        {
          "type": "minecraft:item",
          "name": "minecraft:iron_horse_armor",
          "weight": 8
        },
        {
          "type": "minecraft:item",
          "functions": [
            {
              "add": false,
              "damage": {
                "type": "minecraft:uniform",
                "max": 0.8,
                "min": 0.15
              },
              "function": "minecraft:set_damage"
            }
          ],
          "name": "minecraft:shield",
          "weight": 6
        },
        {
          "type": "minecraft:item",
          "functions": [
            {
              "function": "minecraft:enchant_with_levels",
              "levels": {
                "type": "minecraft:uniform",
                "max": 20.0,
                "min": 10.0
              },
              "treasure": true
            }
          ],
          "name": "minecraft:iron_boots",
          "weight": 6
        },
        {
          "type": "minecraft:item",
          "functions": [
            {
              "function": "minecraft:enchant_with_levels",
              "levels": {
                "type": "minecraft:uniform",
                "max": 20.0,
                "min": 10.0
              },
              "treasure": true
            }
          ],
          "name": "minecraft:iron_chestplate",
          "weight": 6
        },
        {
          "type": "minecraft:item",
          "functions": [
            {
              "function": "minecraft:enchant_with_levels",
              "levels": {
                "type": "minecraft:uniform",
                "max": 20.0,
                "min": 10.0
              },
              "treasure": true
            }
          ],
          "name": "minecraft:iron_leggings",
          "weight": 6
        },
        {
          "type": "minecraft:item",
          "functions": [
            {
              "function": "minecraft:enchant_with_levels",
              "levels": {
                "type": "minecraft:uniform",
                "max": 20.0,
                "min": 10.0
              },
              "treasure": true
            }
          ],
          "name": "minecraft:iron_helmet",
          "weight": 6
        },
        {
          "type": "minecraft:item",
          "functions": [
            {
              "function": "minecraft:enchant_with_levels",
              "levels": {
                "type": "minecraft:uniform",
                "max": 20.0,
                "min": 10.0
              },
              "treasure": true
            }
          ],
          "name": "minecraft:iron_axe",
          "weight": 6
        },
        {
          "type": "minecraft:item",
          "functions": [
            {
              "function": "minecraft:enchant_with_levels",
              "levels": {
                "type": "minecraft:uniform",
                "max": 20.0,
                "min": 10.0
              },
              "treasure": true
            }
          ],
          "name": "minecraft:iron_pickaxe",
          "weight": 6
        },
        {
          "type": "minecraft:item",
          "functions": [
            {
              "function": "minecraft:enchant_with_levels",
              "levels": {
                "type": "minecraft:uniform",
                "max": 20.0,
                "min": 10.0
              },
              "treasure": true
            }
          ],
          "name": "minecraft:iron_shovel",
          "weight": 6
        },
        {
          "type": "minecraft:item",
          "name": "minecraft:saddle",
          "weight": 6
        },
        {
          "type": "minecraft:item",
          "name": "minecraft:golden_horse_armor",
          "weight": 6
        },
        {
          "type": "minecraft:item",
          "functions": [
            {
              "function": "minecraft:enchant_with_levels",
              "levels": {
                "type": "minecraft:uniform",
                "max": 20.0,
                "min": 10.0
              },
              "treasure": true
            }
          ],
          "name": "minecraft:diamond_axe",
          "weight": 3
        },
        {
          "type": "minecraft:item",
          "functions": [
            {
              "function": "minecraft:enchant_with_levels",
              "levels": {
                "type": "minecraft:uniform",
                "max": 20.0,
                "min": 10.0
              },
              "treasure": true
            }
          ],
          "name": "minecraft:crossbow",
          "weight": 3
        },
        {
          "type": "minecraft:item",
          "functions": [
            {
              "function": "minecraft:enchant_with_levels",
              "levels": {
                "type": "minecraft:uniform",
                "max": 20.0,
                "min": 10.0
              },
              "treasure": true
            }
          ],
          "name": "minecraft:diamond_chestplate",
          "weight": 3
        },
        {
          "type": "minecraft:item",
          "name": "minecraft:diamond_horse_armor",
          "weight": 3
        },
        {
          "type": "minecraft:item",
          "name": "minecraft:enchanted_golden_apple",
          "weight": 3
        },
        {
          "type": "minecraft:item",
          "functions": [
            {
              "enchantments": [
                "minecraft:sharpness",
                "minecraft:bane_of_arthropods",
                "minecraft:efficiency",
                "minecraft:fortune",
                "minecraft:silk_touch",
                "minecraft:feather_falling"
              ],
              "function": "minecraft:enchant_randomly"
            }
          ],
          "name": "minecraft:book",
          "weight": 12
        },
        {
          "type": "minecraft:item",
          "functions": [
            {
              "add": false,
              "count": {
                "type": "minecraft:uniform",
                "max": 3.0,
                "min": 1.0
              },
              "function": "minecraft:set_count"
            }
          ],
          "name": "minecraft:diamond",
          "weight": 2
        },
        {
          "type": "minecraft:item",
          "functions": [
            {
              "enchantments": [
                "minecraft:riptide",
                "minecraft:loyalty",
                "minecraft:channeling",
                "minecraft:impaling",
                "minecraft:mending"
              ],
              "function": "minecraft:enchant_randomly"
            }
          ],
          "name": "minecraft:book",
          "weight": 5
        }
      ],
      "rolls": {
        "type": "minecraft:uniform",
        "max": 6.0,
        "min": 2.0
      }
    }
  ],
  "random_sequence": "minecraft:chests/trial_chambers/reward"
}