{
	"display": {
		"icon": {
			"id": "iron_nugget"
		},
		"title": {
			"text": "Iron Nugget",
			"color": "#FFFFFF"
		},
		"description": {
			"text": "",
			"color": "#FFFFFF"
		},
		"frame": "task",
		"show_toast": false,
		"announce_to_chat": false,
		"hidden": false
	},
	"criteria": {
		"requirement": {
			"trigger": "minecraft:inventory_changed",
			"conditions": {
				"items": [
					{
						"items": [
							"iron_nugget"
						]
					}
				]
			}
		}
	},
	"parent": "aic:caves/raw_iron_block",
	"rewards": {
		"function": "aic:advancements/item/iron_nugget"
	}
}
