{
	"type": "minecraft:block",
	"pools": [
	  {
		"bonus_rolls": 0,
		"entries": [
		  {
			"type": "minecraft:alternatives",
			"children": [
			  {
				"type": "minecraft:item",
				"conditions": [
				  {
					"condition": "minecraft:match_tool",
					"predicate": {
					  "predicates": {
						"minecraft:enchantments": [
						  {
							"enchantments": "minecraft:silk_touch",
							"levels": {
							  "min": 1
							}
						  }
						]
					  }
					}
				  }
				],
				"name": "minecraft:diamond_ore"
			  },
			  {
				"type": "minecraft:item",
				"functions": [
				  {
					"enchantment": "minecraft:fortune",
					"formula": "minecraft:ore_drops",
					"function": "minecraft:apply_bonus"
				  },
				  {
					"function": "minecraft:explosion_decay"
				  }
				],
				"name": "minecraft:diamond"
			  }
			],
			"conditions": []
		  }
		],
		"rolls": 1,
		"conditions": [
		  {
			"condition": "minecraft:all_of",
			"terms": [
			  {
				"condition": "minecraft:value_check",
				"value": {
				  "type": "minecraft:score",
				  "target": {
					"type": "minecraft:fixed",
					"name": "#blood_diamond"
				  },
				  "score": "uhc.scenario"
				},
				"range": 0
			  }
			]
		  }
		]
	  }
	],
	"random_sequence": "minecraft:blocks/diamond_ore"
  }