{
    "type": "minecraft:crafting_shaped",
    "pattern": [
        "IRI",
        " SI"
    ],
    "key": {
        "I": {
            "item": "minecraft:iron_ingot"
        },
        "R": {
            "item": "minecraft:redstone_block"
        },
        "S": {
            "item": "minecraft:stone_button"
        }
    },
    "result": {
        "id": "minecraft:bow",
        "count": 1,
        "components": {
            "custom_name": "{\"text\":\"Blaster\",\"color\":\"#FFE73F\",\"italic\":false,\"bold\":true}",
            "enchantments": {"unbreaking":0},
            "repair_cost": 40,
            "unbreakable": {}
        }
    }
}
