{
    "type": "minecraft:crafting_shaped",
    "pattern": [
        " C ",
        "BAB",
        " C "
    ],
    "key": {
        "A": {
            "item": "minecraft:arrow"
        },
        "B": {
            "item": "minecraft:quartz"
        },
        "C": {
            "item": "minecraft:glass_bottle"
        }
    },
    "result": {
        "id": "minecraft:tipped_arrow",
        "count": 1,
        "components": {
            "custom_name": "{\"text\":\"Flèche Aquatique\",\"color\":\"#3757BF\",\"italic\":false,\"bold\":true}",
            "custom_data": "{uau.arrow:1b,uau.arrow.aquatique:1b}",
            "potion_contents": {"custom_color":3626943},
            "hide_additional_tooltip": {},
            "unbreakable": {}
        }
    }
}
