{
    "type": "minecraft:crafting_shaped",
    "pattern": [
        "BCB",
        "CAC",
        "BCB"
    ],
    "key": {
        "A": {
            "item": "minecraft:arrow"
        },
        "B": {
            "item": "minecraft:soul_sand"
        },
        "C": {
            "item": "minecraft:string"
        }
    },
    "result": {
        "id": "minecraft:tipped_arrow",
        "count": 1,
        "components": {
            "custom_name": "{\"text\":\"Flèche Arachnide\",\"color\":\"#576F9F\",\"italic\":false,\"bold\":true}",
            "custom_data": "{uau.arrow:1b,uau.arrow.arachnide:1b}",
            "potion_contents": {"custom_color":5730207},
            "hide_additional_tooltip": {},
            "unbreakable": {}
        }
    }
}
