{
    "type": "minecraft:crafting_shaped",
    "pattern": [
        "DCD",
        "BAB",
        "DCD"
    ],
    "key": {
        "A": {
            "item": "minecraft:arrow"
        },
        "B": {
            "item": "minecraft:glowstone_dust"
        },
        "C": {
            "item": "minecraft:iron_ingot"
        },
        "D": {
            "item": "minecraft:white_stained_glass"
        }
    },
    "result": {
        "id": "minecraft:tipped_arrow",
        "count": 1,
        "components": {
            "custom_name": "{\"text\":\"Flèche Crysalide\",\"color\":\"#AFDFFF\",\"italic\":false,\"bold\":true}",
            "custom_data": "{uau.arrow:1b,uau.arrow.crysalide:1b}",
            "potion_contents": {"custom_color":11526143},
            "hide_additional_tooltip": {},
            "unbreakable": {}
        }
    }
}
