{
    "type": "minecraft:crafting_shaped",
    "pattern": [
        " B ",
        "CAC",
        " B "
    ],
    "key": {
        "A": {
            "item": "minecraft:arrow"
        },
        "B": {
            "item": "minecraft:glowstone_dust"
        },
        "C": {
            "item": "minecraft:feather"
        }
    },
    "result": {
        "id": "minecraft:tipped_arrow",
        "count": 1,
        "components": {
            "custom_name": "{\"text\":\"Flèche Électrifiante\",\"color\":\"#171F97\",\"italic\":false,\"bold\":true}",
            "custom_data": "{uau.arrow:1b,uau.arrow.electrifiante:1b}",
            "potion_contents": {"custom_color":1515415},
            "hide_additional_tooltip": {},
            "unbreakable": {}
        }
    }
}
