{
    "type": "minecraft:crafting_shaped",
    "pattern": [
        "   ",
        " A ",
        "   "
    ],
    "key": {
        "A": {
            "item": "minecraft:arrow"
        },
        "B": {
            "item": "minecraft:air"
        },
        "C": {
            "item": "minecraft:air"
        }
    },
    "result": {
        "id": "minecraft:tipped_arrow",
        "count": 1,
        "components": {
            "custom_name": "{\"text\":\"Flèche Enigma\",\"color\":\"#7FBFA7\",\"italic\":false,\"bold\":true}",
            "custom_data": "{uau.arrow:1b,uau.arrow.enigma:1b}",
            "potion_contents": {"custom_color":8372135},
            "hide_additional_tooltip": {},
            "unbreakable": {}
        }
    }
}
