{
    "type": "minecraft:crafting_shaped",
    "pattern": [
        "CBC",
        "BAB",
        "CBC"
    ],
    "key": {
        "A": {
            "item": "minecraft:arrow"
        },
        "B": {
            "item": "minecraft:netherrack"
        },
        "C": {
            "item": "minecraft:sand"
        }
    },
    "result": {
        "id": "minecraft:tipped_arrow",
        "count": 1,
        "components": {
            "custom_name": "{\"text\":\"Flèche Grenade\",\"color\":\"#BF4F2F\",\"italic\":false,\"bold\":true}",
            "custom_data": "{uau.arrow:1b,uau.arrow.grenade:1b}",
            "potion_contents": {"custom_color":12537647},
            "hide_additional_tooltip": {},
            "unbreakable": {}
        }
    }
}
