{
    "type": "minecraft:crafting_shaped",
    "pattern": [
        "DBD",
        "CAC",
        "DBD"
    ],
    "key": {
        "A": {
            "item": "minecraft:arrow"
        },
        "B": {
            "item": "minecraft:netherrack"
        },
        "C": {
            "item": "minecraft:redstone"
        },
        "D": {
            "item": "minecraft:paper"
        }
    },
    "result": {
        "id": "minecraft:tipped_arrow",
        "count": 1,
        "components": {
            "custom_name": "{\"text\":\"Flèche Médicale\",\"color\":\"#DF4F4F\",\"italic\":false,\"bold\":true}",
            "custom_data": "{uau.arrow:1b,uau.arrow.medicale:1b}",
            "potion_contents": {"custom_color":14634831},
            "hide_additional_tooltip": {},
            "unbreakable": {}
        }
    }
}
