{
    "type": "minecraft:crafting_shaped",
    "pattern": [
        " B ",
        " A ",
        " B "
    ],
    "key": {
        "A": {
            "item": "minecraft:arrow"
        },
        "B": {
            "item": "minecraft:bedrock"
        },
        "C": {
            "item": "minecraft:air"
        }
    },
    "result": {
        "id": "minecraft:tipped_arrow",
        "count": 1,
        "components": {
            "custom_name": "{\"text\":\"Flèche Téléportation\",\"color\":\"#1F7F6F\",\"italic\":false,\"bold\":true}",
            "custom_data": "{uau.arrow:1b,uau.arrow.teleportation:1b}",
            "potion_contents": {"custom_color":2064239},
            "hide_additional_tooltip": {},
            "unbreakable": {}
        }
    }
}
