{
    "type": "minecraft:crafting_shaped",
    "pattern": [
        "BCB",
        "BAB",
        "BCB"
    ],
    "key": {
        "A": {
            "item": "minecraft:arrow"
        },
        "B": {
            "item": "minecraft:quartz"
        },
        "C": {
            "item": "minecraft:compass"
        }
    },
    "result": {
        "id": "minecraft:tipped_arrow",
        "count": 1,
        "components": {
            "custom_name": "{\"text\":\"Flèche Traçeuse\",\"color\":\"#2F9700\",\"italic\":false,\"bold\":true}",
            "custom_data": "{uau.arrow:1b,uau.arrow.traceuse:1b}",
            "potion_contents": {"custom_color":3118848},
            "hide_additional_tooltip": {},
            "unbreakable": {}
        }
    }
}
