{
	"type": "minecraft:block",
	"pools": [
		{
			"rolls": 1,
			"bonus_rolls": 0,
			"entries": [
				{
					"type": "minecraft:alternatives",
					"children": [
						{
							"type": "minecraft:item",
							"name": "minecraft:azalea_leaves",
							"conditions": [
								{
									"condition": "minecraft:any_of",
									"terms": [
										{
											"condition": "minecraft:match_tool",
											"predicate": {
												"items": [
													"minecraft:shears"
												]
											}
										},
										{
											"condition": "minecraft:match_tool",
											"predicate": {
												"predicates": {
													"enchantments": [
														{
															"enchantments": "minecraft:silk_touch",
															"levels": {
																"min": 1
															}
														}
													]
												}
											}
										}
									]
								}
							]
						},
						{
							"type": "minecraft:item",
							"name": "minecraft:azalea",
							"conditions": [
								{
									"condition": "minecraft:survives_explosion"
								},
								{
									"condition": "minecraft:table_bonus",
									"enchantment": "minecraft:fortune",
									"chances": [
										0.05,
										0.0625,
										0.083333336,
										0.1
									]
								}
							]
						}
					]
				}
			]
		},
		{
			"rolls": 1,
			"bonus_rolls": 0,
			"entries": [
				{
					"type": "minecraft:item",
					"name": "minecraft:stick",
					"functions": [
						{
							"function": "minecraft:set_count",
							"count": {
								"type": "minecraft:uniform",
								"min": 1,
								"max": 2
							},
							"add": false
						},
						{
							"function": "minecraft:explosion_decay"
						}
					],
					"conditions": [
						{
							"condition": "minecraft:table_bonus",
							"enchantment": "minecraft:fortune",
							"chances": [
								0.02,
								0.022222223,
								0.025,
								0.033333335,
								0.1
							]
						}
					]
				}
			],
			"conditions": [
				{
					"condition": "minecraft:inverted",
					"term": {
						"condition": "minecraft:any_of",
						"terms": [
							{
								"condition": "minecraft:match_tool",
								"predicate": {
									"items": [
										"minecraft:shears"
									]
								}
							},
							{
								"condition": "minecraft:match_tool",
								"predicate": {
									"predicates": {
										"enchantments": [
											{
												"enchantments": "minecraft:silk_touch",
												"levels": {
													"min": 1
												}
											}
										]
									}
								}
							}
						]
					}
				}
			]
		},
		{
			"rolls": 1,
			"bonus_rolls": 0,
			"entries": [
				{
					"type": "minecraft:item",
					"name": "minecraft:apple",
					"conditions": [
						{
							"condition": "minecraft:survives_explosion"
						},
						{
							"condition": "minecraft:table_bonus",
							"enchantment": "minecraft:fortune",
							"chances": [
								0.010,
								0.011,
								0.0125,
								0.0167,
								0.05
							]
						}
					]
				}
			],
			"conditions": [
				{
					"condition": "minecraft:inverted",
					"term": {
						"condition": "minecraft:any_of",
						"terms": [
							{
								"condition": "minecraft:match_tool",
								"predicate": {
									"items": [
										"minecraft:shears"
									]
								}
							},
							{
								"condition": "minecraft:match_tool",
								"predicate": {
									"predicates": {
										"enchantments": [
											{
												"enchantments": "minecraft:silk_touch",
												"levels": {
													"min": 1
												}
											}
										]
									}
								}
							}
						]
					}
				}
			]
		}
	]
}
