{
	"display": {
		"icon": {
			"id": "diorite_slab"
		},
		"title": {
			"text": "Diorite Slab",
			"color": "#FFFFFF"
		},
		"description": {
			"text": "",
			"color": "#FFFFFF"
		},
		"frame": "task",
		"show_toast": false,
		"announce_to_chat": false,
		"hidden": false
	},
	"criteria": {
		"requirement": {
			"trigger": "minecraft:inventory_changed",
			"conditions": {
				"items": [
					{
						"items": [
							"diorite_slab"
						]
					}
				]
			}
		}
	},
	"parent": "aic:building/diorite_stairs",
	"rewards": {
		"function": "aic:advancements/item/diorite_slab"
	}
}
