{
	"display": {
		"icon": {
			"id": "blue_glazed_terracotta"
		},
		"title": {
			"text": "Blue Glazed Terracotta",
			"color": "#FFFFFF"
		},
		"description": {
			"text": "",
			"color": "#FFFFFF"
		},
		"frame": "task",
		"show_toast": false,
		"announce_to_chat": false,
		"hidden": false
	},
	"criteria": {
		"requirement": {
			"trigger": "minecraft:inventory_changed",
			"conditions": {
				"items": [
					{
						"items": [
							"blue_glazed_terracotta"
						]
					}
				]
			}
		}
	},
	"parent": "aic:_root_08",
	"rewards": {
		"function": "aic:advancements/item/blue_glazed_terracotta"
	}
}
