{
	"display": {
		"icon": {
			"id": "goat_horn"
		},
		"title": {
			"text": "Call Goat Horn",
			"color": "#FFFFFF"
		},
		"description": {
			"text": "",
			"color": "#FFFFFF"
		},
		"frame": "task",
		"show_toast": false,
		"announce_to_chat": false,
		"hidden": false
	},
	"criteria": {
		"requirement": {
			"trigger": "minecraft:inventory_changed",
			"conditions": {
				"items": [
					{
						"items": [
							"goat_horn"
						],
						"components": {
							"instrument": "call_goat_horn"
						}
					}
				]
			}
		}
	},
	"parent": "aic:collectionable/admire_goat_horn",
	"rewards": {
		"function": "aic:advancements/item/call_goat_horn"
	}
}
