{
	"display": {
		"icon": {
			"id": "polished_deepslate_wall"
		},
		"title": {
			"text": "Polished Deepslate Wall",
			"color": "#FFFFFF"
		},
		"description": {
			"text": "",
			"color": "#FFFFFF"
		},
		"frame": "task",
		"show_toast": false,
		"announce_to_chat": false,
		"hidden": false
	},
	"criteria": {
		"requirement": {
			"trigger": "minecraft:inventory_changed",
			"conditions": {
				"items": [
					{
						"items": [
							"polished_deepslate_wall"
						]
					}
				]
			}
		}
	},
	"parent": "aic:building/polished_deepslate_slab",
	"rewards": {
		"function": "aic:advancements/item/polished_deepslate_wall"
	}
}
