{
	"display": {
		"icon": {
			"id": "calibrated_sculk_sensor"
		},
		"title": {
			"text": "Calibrated Sculk Sensor",
			"color": "#FFFFFF"
		},
		"description": {
			"text": "",
			"color": "#FFFFFF"
		},
		"frame": "task",
		"show_toast": false,
		"announce_to_chat": false,
		"hidden": false
	},
	"criteria": {
		"requirement": {
			"trigger": "minecraft:inventory_changed",
			"conditions": {
				"items": [
					{
						"items": [
							"calibrated_sculk_sensor"
						]
					}
				]
			}
		}
	},
	"parent": "aic:caves/sculk_sensor",
	"rewards": {
		"function": "aic:advancements/item/calibrated_sculk_sensor"
	}
}
