{
	"display": {
		"icon": {
			"id": "minecraft:glass_bottle"
		},
		"title": {
			"text": "Glass Bottle",
			"color": "#FFDF00"
		},
		"description": {
			"text": "Obtenir un(e) Glass Bottle",
			"color": "#F7EFFF"
		},
		"frame": "task",
		"show_toast": false,
		"announce_to_chat": false,
		"hidden": false
	},
	"criteria": {
		"requirement": {
			"trigger": "minecraft:inventory_changed",
			"conditions": {
				"items": [
					{
						"items": [
							"minecraft:glass_bottle"
						]
					}
				]
			}
		}
	},
	"requirements": [
		[
			"requirement"
		]
	],
	"rewards": {
		"function": "bingo_b1:5_6"
	},
	"parent": "bingo_b1:5_5"
}