{
	"display": {
		"icon": {
			"id": "minecraft:gray_concrete_powder"
		},
		"title": {
			"text": "Gray Concrete Powder",
			"color": "#FFDF00"
		},
		"description": {
			"text": "Obtenir un(e) Gray Concrete Powder",
			"color": "#F7EFFF"
		},
		"frame": "task",
		"show_toast": false,
		"announce_to_chat": false,
		"hidden": false
	},
	"criteria": {
		"requirement": {
			"trigger": "minecraft:inventory_changed",
			"conditions": {
				"items": [
					{
						"items": [
							"minecraft:gray_concrete_powder"
						]
					}
				]
			}
		}
	},
	"requirements": [
		[
			"requirement"
		]
	],
	"rewards": {
		"function": "bingo_b1:9_3"
	},
	"parent": "bingo_b1:9_2"
}