{
	"display": {
		"icon": {
			"item": "minecraft:cherry_boat"
		},
		"title": {
			"text": "Cherry Boat",
			"color": "#FFDF00"
		},
		"description": {
			"text": "Obtenir un(e) Cherry Boat",
			"color": "#F7EFFF"
		},
		"frame": "task",
		"show_toast": false,
		"announce_to_chat": false,
		"hidden": false
	},
	"criteria": {
		"requirement": {
			"trigger": "minecraft:inventory_changed",
			"conditions": {
				"items": [
					{
						"items": [
							"minecraft:cherry_boat"
						]
					}
				]
			}
		}
	},
	"requirements": [
		[
			"requirement"
		]
	],
	"rewards": {
		"function": "bingo_b1:5_1"
	},
	"parent": "bingo_b1:root"
}