{
	"display": {
		"icon": {
			"id": "friend_pottery_sherd"
		},
		"title": {
			"text": "Friend Pottery Sherd",
			"color": "#FFFFFF"
		},
		"description": {
			"text": "",
			"color": "#FFFFFF"
		},
		"frame": "task",
		"show_toast": false,
		"announce_to_chat": false,
		"hidden": false
	},
	"criteria": {
		"requirement": {
			"trigger": "minecraft:inventory_changed",
			"conditions": {
				"items": [
					{
						"items": [
							"friend_pottery_sherd"
						]
					}
				]
			}
		}
	},
	"parent": "aic:collectionable/flow_pottery_sherd",
	"rewards": {
		"function": "aic:advancements/item/friend_pottery_sherd"
	}
}
