{
	"display": {
		"icon": {
			"id": "music_disc_strad"
		},
		"title": {
			"text": "Music Disc Strad",
			"color": "#FFFFFF"
		},
		"description": {
			"text": "",
			"color": "#FFFFFF"
		},
		"frame": "task",
		"show_toast": false,
		"announce_to_chat": false,
		"hidden": false
	},
	"criteria": {
		"requirement": {
			"trigger": "minecraft:inventory_changed",
			"conditions": {
				"items": [
					{
						"items": [
							"music_disc_strad"
						]
					}
				]
			}
		}
	},
	"parent": "aic:collectionable/music_disc_stal",
	"rewards": {
		"function": "aic:advancements/item/music_disc_strad"
	}
}
