{
	"display": {
		"icon": {
			"id": "glow_ink_sac"
		},
		"title": {
			"text": "Glow Ink Sac",
			"color": "#FFFFFF"
		},
		"description": {
			"text": "",
			"color": "#FFFFFF"
		},
		"frame": "task",
		"show_toast": false,
		"announce_to_chat": false,
		"hidden": false
	},
	"criteria": {
		"requirement": {
			"trigger": "minecraft:inventory_changed",
			"conditions": {
				"items": [
					{
						"items": [
							"glow_ink_sac"
						]
					}
				]
			}
		}
	},
	"parent": "aic:collectionable/ink_sac",
	"rewards": {
		"function": "aic:advancements/item/glow_ink_sac"
	}
}
