{
	"display": {
		"icon": {
			"id": "flow_armor_trim_smithing_template"
		},
		"title": {
			"text": "Flow Armor Trim Smithing Template",
			"color": "#FFFFFF"
		},
		"description": {
			"text": "",
			"color": "#FFFFFF"
		},
		"frame": "task",
		"show_toast": false,
		"announce_to_chat": false,
		"hidden": false
	},
	"criteria": {
		"requirement": {
			"trigger": "minecraft:inventory_changed",
			"conditions": {
				"items": [
					{
						"items": [
							"flow_armor_trim_smithing_template"
						]
					}
				]
			}
		}
	},
	"parent": "aic:collectionable/bolt_armor_trim_smithing_template",
	"rewards": {
		"function": "aic:advancements/item/flow_armor_trim_smithing_template"
	}
}
