{
	"display": {
		"icon": {
			"id": "heavy_core"
		},
		"title": {
			"text": "Heavy Core",
			"color": "#FFFFFF"
		},
		"description": {
			"text": "",
			"color": "#FFFFFF"
		},
		"frame": "task",
		"show_toast": false,
		"announce_to_chat": false,
		"hidden": false
	},
	"criteria": {
		"requirement": {
			"trigger": "minecraft:inventory_changed",
			"conditions": {
				"items": [
					{
						"items": [
							"heavy_core"
						]
					}
				]
			}
		}
	},
	"parent": "aic:collectionable/ominous_trial_key",
	"rewards": {
		"function": "aic:advancements/item/heavy_core"
	}
}
