{
	"display": {
		"icon": {
			"id": "exposed_copper_grate"
		},
		"title": {
			"text": "Exposed Copper Grate",
			"color": "#FFFFFF"
		},
		"description": {
			"text": "",
			"color": "#FFFFFF"
		},
		"frame": "task",
		"show_toast": false,
		"announce_to_chat": false,
		"hidden": false
	},
	"criteria": {
		"requirement": {
			"trigger": "minecraft:inventory_changed",
			"conditions": {
				"items": [
					{
						"items": [
							"exposed_copper_grate"
						]
					}
				]
			}
		}
	},
	"parent": "aic:caves/exposed_copper_trapdoor",
	"rewards": {
		"function": "aic:advancements/item/exposed_copper_grate"
	}
}
