{
	"display": {
		"icon": {
			"item": "minecraft:quartz_slab"
		},
		"title": {
			"text": "Quartz Slab",
			"color": "#FFDF00"
		},
		"description": {
			"text": "Obtenir un(e) Quartz Slab",
			"color": "#F7EFFF"
		},
		"frame": "task",
		"show_toast": false,
		"announce_to_chat": false,
		"hidden": false
	},
	"criteria": {
		"requirement": {
			"trigger": "minecraft:inventory_changed",
			"conditions": {
				"items": [
					{
						"items": [
							"minecraft:quartz_slab"
						]
					}
				]
			}
		}
	},
	"requirements": [
		[
			"requirement"
		]
	],
	"rewards": {
		"function": "bingo_a1:5_3"
	},
	"parent": "bingo_a1:5_2"
}