{
	"display": {
		"icon": {
			"id": "minecraft:paper"
		},
		"title": {
			"text": "Bingo Classique",
			"color": "#9F3FFF",
			"bold": true
		},
		"description": {
			"text": "",
			"color": "green"
		},
		"background": "minecraft:block/purple_concrete_powder",
		"frame": "task",
		"show_toast": false,
		"announce_to_chat": false
	},
	"criteria": {
		"requirement": {
			"trigger": "minecraft:tick",
			"conditions": {
				"player": [
					{
						"condition": "minecraft:value_check",
						"value": {
							"type": "minecraft:score",
							"target": {
								"type": "minecraft:fixed",
								"name": "#bingo_1a_enabled"
							},
							"score": "bhc.data"
						},
						"range": {
							"min": 1
						}
					}
				]
			}
		}
	},
	"requirements": [
		[
			"requirement"
		]
	]
}