{
    "criteria": {
        "requirement": {
            "trigger": "minecraft:player_hurt_entity",
            "conditions": {
                "damage": {
                    "type": {
                      "is_direct": true
                        },
                        "blocked": false
                    },
                "entity": {
                    "nbt": "{Tags:[\"nzl.type.01\"]}"
                }
            }
        }
    },
    "rewards": {
        "function": "nzl:types/move/talent/acier"
    }
}