{
    "criteria": {
        "requirement": {
            "trigger": "minecraft:player_killed_entity",
            "conditions": {
                "entity": [
                    {
                    "condition": "minecraft:inverted",
                    "term": {
                        "condition": "minecraft:entity_properties",
                        "entity": "this",
                        "predicate": {}
                    }
                }
            ]
            }
        }
    },
    "rewards": {
        "function": "nzl:advancement/dragon_2"
    }
  }
  