{
  "criteria": {
      "requirement": {
          "trigger": "minecraft:player_killed_entity",
          "conditions": {
              "player": {
                  "nbt": "{Tags:[\"nzl.type.06\"]}"
              },
              "entity": [
                  {
                  "condition": "minecraft:inverted",
                  "term": {
                      "condition": "minecraft:entity_properties",
                      "entity": "this",
                      "predicate": {}
                  }
              }
          ]
          }
      }
  },
  "rewards": {
      "function": "nzl:advancement/fee_2"
  }
}
